code,system
10081,readv2
11875,readv2
21158,readv2
45499,readv2
10647,readv2
22205,readv2
2939,readv2
35360,readv2
4654,readv2
48111,readv2
48855,readv2
10809,readv2
1803,readv2
11553,readv2
512,readv2
53852,readv2
6712,readv2
12479,readv2
12566,readv2
12585,readv2
94965,readv2
95179,readv2
15097,readv2
29634,readv2
50472,readv2
65064,readv2
7804,readv2
97758,readv2
17253,readv2
26862,readv2
5911,readv2
17365,readv2
19316,readv2
21989,readv2
65400,readv2
18774,readv2
54990,readv2
21947,readv2
22852,readv2
94373,readv2
23913,readv2
2471,readv2
27427,readv2
2999,readv2
47672,readv2
47922,readv2
57926,readv2
58750,readv2
63786,readv2
99201,readv2
25055,readv2
40349,readv2
72303,readv2
34998,readv2
61494,readv2
9840,readv2
99644,readv2
4669,readv2
56987,readv2
57568,readv2
99631,readv2
60960,readv2
63615,readv2
8330,readv2
94793,readv2
95122,readv2
95123,readv2
95175,readv2
95177,readv2
95178,readv2
95405,readv2
95406,readv2
95408,readv2
95508,readv2